{"cameraMode":{"drawMode":31,"name":"Sprite Mask","section":"Miscellaneous"},"sceneLighting":false,"audioPlay":false,"sceneViewState":{"showFog":true,"showMaterialUpdate":false,"showSkybox":false,"showFlares":true,"showImageEffects":true,"showParticleSystems":true},"in2DMode":false,"pivot":{"x":-24.605615615844728,"y":2.5603270530700685,"z":-1.6213871240615845},"rotation":{"x":-0.17773228883743287,"y":0.422992080450058,"z":-0.08500060439109802,"w":-0.8844566941261292},"size":8.217007637023926,"orthographic":false}